box,-2.217,4.6523,3.1801,-2.181,1.8893,5.2563,-3.2824,4.0598,1.0482,1.2137,-0.1251,0.3327,-0.919,1.3628,-2.9398,1.9799,-1.097,4.2018,2.2874,-3.2857,-1.8238,1.9584,2.2242,-0.8819,2.3122,0.5573,-0.359,-1.6364,2.7562,-0.7633,-2.9821,0.8831,-1.572,1.2335,2.5948,2.7475,0.5972,0.2254,-3.2046,-0.1314,-1.2225,-2.4264,1.3214,0.1141,-0.657,-0.0639,-1.0395,2.5252,0.3269,0.9954
box,-0.0594,3.3982,1.1459,-4.3258,2.8436,5.5256,-4.7807,4.9025,-0.2355,1.5623,0.4664,1.2202,-1.0063,1.1434,-2.0729,1.283,-2.2844,4.2868,2.7776,-3.7036,-2.4573,1.5548,1.9581,-1.0108,2.4141,1.1644,-0.0664,-2.1821,3.3621,-0.7258,-3.7084,-2.9347,-1.0469,1.9521,4.6765,2.6945,1.7545,1.0156,-4.3681,-2.9826,-0.8068,-2.715,2.5626,0.8397,-0.8882,1.5663,-0.7439,0.6132,-0.1277,0.4099
box,-1.9049,5.1899,2.8509,-1.8744,1.8883,5.2333,-3.6189,4.4274,1.6451,0.5805,0.4569,1.116,-0.0656,0.394,-3.0789,1.9657,0.132,4.676,2.6684,-3.5581,-2.6406,2.3912,2.8134,-0.1137,1.9654,0.058,-0.9334,-2.5426,2.918,-0.2626,-2.8099,1.1247,-1.3924,0.931,2.4497,2.1677,0.858,-0.9992,-4.221,1.1788,-1.5002,-2.4517,0.782,-1.1607,0.0592,-0.7659,-1.2199,3.1741,-0.3506,0.8661
case,1.4232,5.4473,0.7892,3.2213,-2.8094,2.0696,1.2904,3.1073,0.9805,3.7118,0.3981,-3.8515,-2.8147,-1.895,-0.8126,1.5047,3.3264,2.4945,-1.1434,-10.0865,-4.4975,-3.2948,0.7044,6.8282,-2.28,-2.9993,-5.2986,-5.5484,6.101,3.764,-8.098,2.5917,-1.1582,0.6346,-1.9088,1.346,3.147,-4.7255,-8.8098,-0.8106,1.5875,-3.6664,0.6238,-6.223,-2.7161,-5.287,-4.0525,2.9889,-3.8659,1.3647
case,-2.0671,5.1111,2.4163,-1.3208,-2.2082,4.6302,0.3747,2.6655,-0.1728,2.1847,-0.2587,-4.0191,-3.8512,0.7349,-2.2672,2.021,0.6523,2.3565,-1.4445,-6.7784,-2.7548,-1.7286,1.2745,5.3906,-0.219,-1.0631,-3.3724,-4.157,7.3792,3.4463,-5.929,2.7505,-1.6035,1.1109,-0.8209,3.8891,2.9018,-3.1765,-6.1792,-0.8399,1.4886,-4.8342,1.9409,-4.0484,-3.5606,-3.8818,-2.2365,1.0633,-3.0428,2.6082
case,3.1712,6.2533,0.4359,-1.3402,0.198,3.3792,-3.2003,4.7428,0.6851,4.0376,-1.3373,-2.55,-1.9387,-1.0767,0.5971,2.1133,0.3751,3.6874,0.5103,-8.2335,-1.5525,-2.4356,1.5586,4.4628,-1.8501,0.0809,-4.2253,-5.9955,6.9519,3.2908,-9.1306,-2.384,-1.0198,1.494,0.5588,2.1867,4.456,-3.0825,-7.1964,-4.821,0.9252,-4.2479,2.2178,-2.3366,-3.91,2.4591,-4.0407,0.8317,-3.7334,1.6989
case,2.4077,5.543,0.7338,1.7836,-2.1145,5.5398,-1.3983,2.9115,1.0898,0.3619,-1.1489,-6.4848,-3.5401,1.0013,3.9919,2.0889,2.644,0.7182,-1.1789,-10.0203,5.4073,-4.4487,0.723,5.0206,0.1815,-0.2949,-5.3691,-9.0887,5.0247,5.6201,-9.7186,-0.6219,-1.0769,0.649,-0.0618,2.015,4.5181,-5.0441,-9.0365,-4.0032,0.3018,-5.5895,2.3245,-4.6488,-5.4718,1.9724,-6.0896,-0.7392,-4.7165,-0.1964
case,6.9217,1.3298,-1.3765,4.5073,-4.6375,1.892,-2.0624,-0.3396,0.9284,3.9968,-2.1657,-9.8018,-3.8861,-0.6849,6.7259,0.7844,2.8786,-1.109,-5.5578,-11.2915,6.7768,-5.6729,-0.5736,6.547,-3.6677,-1.3385,-7.3107,-7.086,7.2908,10.1911,-12.2665,-1.1109,-1.2374,2.5578,-4.5801,-0.3529,4.4041,-7.7686,-8.962,-3.8173,1.7017,-3.8624,0.8681,-3.8821,-4.119,6.0117,-6.3421,-3.0964,-5.9163,1.5678
earpods,2.9224,6.0477,3.6888,-4.7676,-1.6456,5.4291,-6.2659,3.9092,-0.5282,1.8004,-3.391,-3.2505,-4.1108,0.8859,-1.786,3.0323,-3.556,3.2006,-0.8471,-7.8061,-0.8448,-1.103,0.5958,3.2533,-1.532,-0.8827,-2.5854,-5.6187,8.5909,4.2938,-8.5627,-0.24,-1.0166,0.7159,-1.2423,3.0185,3.7111,-3.544,-5.8514,-2.4592,-0.5804,-6.8863,1.5694,1.8239,-4.6409,3.1295,-1.1939,-0.1142,-1.5274,3.5153
earpods,2.2777,6.7557,1.7862,-0.224,-0.4061,2.8885,-3.0286,3.174,-0.0659,4.2996,0.4402,-2.6575,-3.0312,-0.2803,-1.52,1.6994,1.5506,2.705,-0.9025,-6.5492,-2.2056,-1.6537,0.5565,3.917,-1.1733,-0.9823,-3.9826,-3.8051,6.4838,2.2706,-6.4122,1.9937,-1.415,0.9067,-0.4189,1.5849,2.5753,-2.5724,-5.6019,-2.3563,0.2589,-3.7935,0.6715,-2.6924,-1.7344,-0.2145,-3.887,2.9303,-1.9825,1.6488
earpods,-3.3969,3.8459,2.8628,-2.2444,-0.0379,6.1694,-2.1029,3.8581,0.8179,1.0935,-0.7205,-2.3534,-2.0991,2.4495,-2.5438,2.5587,-0.8894,3.2378,0.7913,-3.099,-0.3673,0.3172,1.0907,0.2591,0.9609,-0.0772,-0.6138,-2.1573,2.6698,0.4097,-4.4861,0.0779,-0.4817,0.8329,1.4842,3.4314,0.8059,0.2639,-3.6072,-0.805,-0.4851,-3.7968,1.394,-1.1366,-2.0938,-0.7851,-1.7041,1.7572,-0.9244,0.9444
earpods,-1.7402,5.3257,3.126,-2.4024,0.6303,5.0907,-2.8111,3.5665,0.279,1.0668,-0.0439,-0.7324,-1.7059,0.4788,-2.7696,2.1047,-0.2778,4.2513,0.7905,-4.0369,-2.8404,1.2572,1.6625,1.3021,1.2141,-0.2901,-1.146,-2.3159,4.7904,0.6079,-4.2308,2.0804,-1.7466,0.4379,1.3217,2.7512,1.2463,-1.4612,-5.0251,0.2469,-0.2871,-3.3549,1.022,-1.323,-1.3579,-1.0144,-1.625,2.6973,-0.8959,2.0966
mask,-1.65,3.8527,1.6038,1.804,-3.1458,3.4741,3.3458,3.1299,0.319,3.1896,-1.5215,-4.8621,-3.3143,-0.3284,-2.2546,2.7531,2.8643,3.4283,-0.9914,-10.5092,-4.8059,-3.8413,1.8338,6.2827,-1.3355,-2.5938,-3.0802,-5.5758,6.6429,2.8828,-6.891,0.2884,-1.4387,1.2351,-0.6469,2.8296,2.5008,-3.9586,-7.3794,-1.5291,3.0801,-4.0753,2.2877,-6.2506,-4.072,-6.8391,-4.1158,-0.56,-3.2641,0.5424
mask,6.4101,4.008,0.2455,-1.711,-2.9879,1.7817,-6.8326,2.7842,-0.8169,5.8049,-3.4548,-6.3384,-5.5342,-0.8982,3.6601,1.9283,-1.7867,0.83,-2.8354,-10.8679,-0.1667,-4.7293,0.8535,5.6937,-4.5787,-0.513,-6.2866,-7.509,9.6855,6.3591,-12.9531,-7.1076,0.8036,2.2871,-0.5026,2.0003,5.5358,-4.8971,-8.2856,-8.6313,0.4777,-5.5905,1.7667,0.5256,-6.5894,5.4755,-4.3296,-4.7081,-4.6072,2.0371
mask,-2.5434,4.5915,2.572,-2.0576,1.4724,5.7608,-2.6497,4.2681,0.7681,0.7748,-0.4583,0.0011,-1.5274,1.3895,-2.9965,2.0796,-0.4646,3.9838,2.0517,-3.5957,-2.7929,1.3327,2.4526,0.2166,2.14,-0.022,-0.6727,-2.4715,3.5725,0.0157,-3.3431,0.5141,-1.7265,1.2492,1.9155,3.2557,1.3701,-0.7124,-3.3136,-0.4248,-0.6974,-2.8672,1.7669,-1.0753,-1.5713,-0.9263,-1.22,2.148,-0.3338,1.1758
mask,3.0312,5.8718,2.52,5.0603,-4.4016,2.4485,2.9683,1.7016,0.3385,5.4141,-0.0171,-6.0854,-4.2408,-1.8006,-0.4696,3.1901,5.6734,3.0424,-2.3492,-11.2557,-4.4113,-6.8118,0.3805,10.3134,-4.2385,-3.5299,-5.4497,-6.6475,9.9224,4.5543,-10.0629,2.5664,-1.6418,1.8977,-2.6403,3.305,4.2295,-5.1536,-7.9004,-2.9748,2.5521,-3.3901,1.9693,-7.9309,-3.7723,-5.8754,-7.0063,0.0336,-4.479,1.5443
mouse,-0.419,4.9563,2.1633,-4.8171,2.1502,5.0496,-4.4671,4.9707,-0.2868,1.4974,-0.1335,0.7467,-1.1971,1.2367,-3.1171,2.2761,-1.9849,4.4816,2.1789,-4.1426,-2.591,2.3706,2.7063,-0.23,2.1626,0.4209,-0.799,-2.607,4.6252,-0.1465,-4.752,-0.7037,-0.7239,1.4916,2.8749,2.7817,1.549,-0.5686,-4.5167,-1.2817,-0.7776,-3.5712,1.6095,0.3742,-1.3674,1.1198,-0.4653,1.3748,-0.425,1.4921
mouse,-3.1073,3.0781,2.2549,-2.301,1.8484,5.1915,-2.096,4.2237,0.774,1.4162,-0.5523,0.4469,-0.694,1.8842,-2.7211,2.1502,-0.7478,3.8718,2.4699,-3.0995,-1.5042,1.2944,2.4309,-1.5373,2.0856,0.2716,0.8477,-1.9565,1.3833,-1.3982,-2.6271,-0.9423,-1.7849,1.3492,3.3574,2.9979,-0.0445,0.9302,-1.8106,-0.9819,-0.5952,-2.3965,1.7899,0.5408,-1.2754,-0.9125,-2.0089,1.5877,1.4165,-0.8518
mouse,-1.7611,5.1433,3.0835,-2.4601,1.4648,5.3691,-3.2952,4.0429,0.4821,0.7667,0.0158,0.2278,-0.8859,0.5347,-2.9024,1.8801,-0.3077,4.2766,1.8251,-3.2365,-2.5531,2.0621,2.2876,0.2766,1.9271,-0.1387,-1.0608,-2.1408,3.9982,0.0359,-3.3939,1.6987,-1.8589,0.9067,2.054,2.8069,1.0259,-0.7078,-4.1129,0.17,-1.1228,-2.8402,1.211,-0.9239,-0.7911,-0.5072,-1.0572,2.774,-0.3587,1.7424
mouse,-1.0097,3.8543,0.899,-2.6651,3.0755,4.553,-3.2777,3.9099,1.1203,1.7047,1.2844,0.5291,-0.2597,1.3977,-1.1925,0.9387,0.1613,3.6093,2.0403,-3.4419,-0.3499,1.2326,2.4942,1.3484,2.4548,0.0837,-1.132,-2.509,3.3344,0.6668,-2.2335,-0.8632,-1.2938,0.7455,2.7431,2.1856,1.5033,-0.0459,-2.9494,-1.754,-0.9748,-2.9405,0.8334,-0.0326,-2.5646,1.385,-1.434,2.1794,-1.0908,-0.148
remote,3.3067,3.8913,0.8044,-2.3614,1.1528,3.8736,-4.6477,3.6283,-0.5679,2.3525,-0.8787,-1.5073,-2.2315,-0.1954,0.307,1.0473,-1.5496,2.8553,-0.5947,-4.7875,1.1181,-0.0866,1.335,1.901,-0.3467,-0.6987,-0.9973,-3.0694,6.049,3.1087,-5.928,-0.5804,-0.8908,2.3611,0.9288,1.0149,2.8211,-1.094,-5.5435,-3.5007,0.2966,-4.7206,1.2943,0.7751,-2.162,4.0365,-1.0393,-0.4082,-1.567,2.0336
remote,-1.3789,5.4534,3.4746,-2.1976,0.5323,5.1196,-2.6971,3.3466,0.7182,1.4086,0.255,-0.5713,-1.5865,0.5059,-2.7612,2.3116,-0.3784,4.3042,0.4829,-3.7422,-2.6595,1.5531,1.7614,1.6052,1.0057,-0.2374,-1.6434,-2.6229,5.2512,0.4419,-4.2392,2.6702,-1.4994,0.4211,0.5457,2.3584,1.5293,-1.7987,-5.4668,0.898,0.2134,-3.4571,1.1119,-1.3658,-0.7741,-1.1355,-1.871,2.9837,-1.081,2.0824
remote,0.6064,4.8901,0.404,-0.9534,1.3966,3.3846,-1.9473,4.0122,1.1928,2.6187,0.3812,0.2792,-1.0587,-0.1821,-0.8878,1.5829,0.746,3.9864,1.754,-5.0974,-2.2907,0.1486,2.0283,2.828,-0.5361,-0.0368,-2.0993,-3.676,5.3866,1.2891,-5.0207,-0.0641,-1.6241,1.7957,2.0687,2.353,2.4873,-1.1089,-5.3564,-0.9868,-0.5279,-3.0171,1.1436,-2.0187,-2.1411,-1.3177,-2.8217,2.0127,-1.993,1.0231
remote,2.0295,4.0098,-1.0176,2.1576,0.5503,1.2626,-1.303,1.559,2.329,2.165,1.5494,-2.2156,-0.9462,1.1489,1.2175,-0.189,2.1977,1.6041,0.5594,-6.1565,-0.8504,-0.8702,1.0154,4.2878,-0.2338,-1.6094,-3.2682,-4.2593,4.5512,2.6972,-4.8226,0.8588,-0.6061,-0.3013,-0.021,1.3332,2.2214,-2.8919,-4.9893,-0.5028,-0.2822,-3.1243,0.3508,-4.3326,-3.7344,-0.4979,-3.3506,2.4562,-3.5837,0.9168
earpods,-2.0144,4.582,2.7407,-1.5147,-3.1923,3.3704,0.775,2.4283,-0.0639,2.3045,-0.489,-5.2664,-3.9663,-0.1617,-2.0327,1.8632,0.846,2.0992,-2.9031,-6.7126,-2.3546,-2.6187,1.1827,5.8546,-1.9315,-1.5157,-3.6136,-4.3728,7.0806,3.9117,-6.5727,2.7549,-0.8929,0.3026,-2.4337,3.416,3.0425,-3.7214,-6.3107,-0.394,1.3926,-4.8834,0.4938,-5.3083,-3.9916,-3.7419,-2.5118,1.1656,-3.7624,2.0262
mask,-3.0708,5.8889,3.559,-2.2669,-0.1167,5.8586,-1.9724,5.4837,0.8997,1.706,-0.8283,-1.35,-0.8958,0.4553,-3.2476,3.0709,-0.3106,5.6664,2.1509,-6.241,-2.5387,1.0077,2.5397,0.963,1.297,-0.1492,-1.6706,-3.5314,5.0065,0.0227,-4.8241,0.1441,-1.0214,1.1753,0.4391,3.6097,2.1063,-1.9265,-3.9376,-0.8186,0.161,-3.5273,1.7383,-2.2039,-2.3357,0.0807,-2.4471,2.5067,-0.7859,0.6359
mask,-1.9471,6.8733,3.7995,-2.5685,-2.3058,6.4615,-1.9675,4.5969,0.9407,0.5913,-0.7708,-4.0613,-1.9193,1.0921,-2.1411,3.7943,-0.0891,4.1436,-0.171,-6.9479,-0.6993,-0.3353,1.4452,4.2894,-0.6832,-0.3526,-2.9938,-4.6935,6.8894,3.0951,-6.7224,1.6548,-0.529,0.3757,-1.1636,4.0911,3.2053,-3.6755,-6.0129,-0.7501,0.4601,-5.4176,1.4701,-4.0051,-4.2884,-0.4037,-3.1681,2.9227,-3.403,2.3635
remote,-2.0162,4.141,1.3376,-1.7045,-0.5969,5.3769,-1.2119,2.9596,0.5514,0.8593,0.0011,-2.3329,-2.2285,1.5685,-2.0479,1.6659,-0.1049,2.5738,0.0734,-4.773,-1.1268,0.5004,1.1567,2.0215,0.6912,0.3056,-2.391,-3.4164,4.4782,1.903,-4.3541,1.9097,-1.5833,0.6244,0.6717,2.9374,1.759,-2.2265,-4.384,-0.0221,0.2091,-3.0881,1.0965,-2.718,-1.6784,-1.2745,-2.1589,2.0906,-0.9425,1.4953
remote,-2.0072,4.1655,1.3492,-1.7016,-0.5932,5.4051,-1.2396,2.9737,0.5537,0.8516,0.0054,-2.3323,-2.2127,1.5729,-2.0581,1.6732,-0.0972,2.5963,0.0873,-4.8,-1.1397,0.5167,1.1552,2.0333,0.7139,0.3035,-2.4075,-3.4356,4.4946,1.9119,-4.3719,1.9371,-1.5947,0.6374,0.6831,2.9418,1.7585,-2.2463,-4.4081,-0.0085,0.204,-3.0975,1.1079,-2.7013,-1.6664,-1.2631,-2.1621,2.1156,-0.9437,1.505
earpods,-1.6599,6.2327,3.5255,-2.5581,-1.0769,5.8307,-1.6769,4.345,0.0732,0.9758,-0.7165,-3.3737,-2.0856,0.7924,-2.8389,2.8178,0.0549,3.8953,-0.6458,-6.0126,-2.1787,0.2152,2.1208,2.6858,-0.0034,-0.7656,-2.9738,-3.8595,6.0463,1.8773,-5.8071,2.5194,-1.0707,0.338,-0.9825,3.3685,2.7059,-3.209,-5.4114,0.0362,-0.2304,-4.6937,0.9269,-3.0303,-2.9495,-0.6126,-2.2846,2.5985,-2.6031,1.9941
case,1.5223,7.7048,3.0042,-0.0984,-4.8687,3.701,0.2234,2.7222,0.7884,2.7043,0.9688,-7.7834,-4.1481,-0.6817,0.8268,2.2933,1.977,3.16,-3.6365,-11.2705,-0.5708,-4.5027,1.1176,8.6325,-0.7781,-3.0245,-6.1,-7.5866,10.0381,5.6025,-10.1845,3.766,-1.5075,0.877,-5.538,3.4026,4.9791,-6.1091,-9.066,-1.7877,1.8199,-6.5803,0.8342,-6.6451,-7.0473,-0.618,-5.3793,2.8948,-6.6615,3.7309
mask,3.2241,8.4888,2.5595,3.6614,-9.8315,1.4228,4.0711,1.1745,-0.913,3.8122,0.8061,-12.8039,-6.2966,-1.7344,3.2044,2.2921,5.6187,1.0178,-8.2541,-16.2075,-0.7625,-8.8919,-0.0865,14.1731,-4.3497,-5.8951,-9.4581,-9.5372,14.3795,10.9682,-15.0892,5.5156,-1.6161,0.9169,-10.0139,3.5555,7.0311,-10.1632,-13.3705,-2.5529,3.39,-7.2717,1.287,-11.6073,-10.1242,-1.9225,-8.0588,3.1856,-9.6827,4.9378
mask,-1.0456,6.2935,2.8828,-1.0277,-2.4384,5.9134,-0.0602,3.9392,0.347,2.7347,-0.5364,-4.2685,-2.8855,0.1893,-2.1992,3.1426,0.6412,4.6185,-0.1146,-9.5425,-3.4188,-1.2446,1.0525,5.1942,0.6817,-1.5894,-3.3839,-4.5017,8.0504,2.5955,-6.8939,2.0445,-2.1059,1.7076,-1.8896,4.2538,3.4144,-3.9554,-6.5228,-0.9674,2.4267,-4.9079,2.4037,-3.1062,-4.2348,-2.4002,-3.1101,2.1215,-3.0064,3.0342
mask,-3.3114,5.0038,2.9354,-0.6944,-1.3959,4.781,-0.2118,3.7956,0.401,1.6309,-0.905,-3.5456,-1.9823,1.3381,-3.1912,2.8406,0.1153,4.0854,-0.1642,-7.7293,-3.3501,-0.936,1.9148,3.4786,0.1275,-1.1747,-2.1834,-4.1233,6.0246,1.9605,-5.9458,0.2897,-1.176,0.8308,-0.1306,3.7591,2.2453,-3.1955,-5.4322,-1.2177,0.9131,-4.2196,1.8892,-3.6733,-4.0228,-2.0992,-3.3309,1.2534,-2.3031,0.7313
mask,-2.4431,5.4216,3.0227,-1.756,1.1633,5.9248,-2.789,4.4925,0.8803,0.6541,-0.2395,0.001,-1.0333,1.0185,-3.0681,2.4525,-0.2808,4.5358,2.1246,-4.1214,-2.6289,2.0258,2.4279,0.1784,2.341,0.1524,-1.2346,-2.3901,3.927,-0.0764,-3.824,0.9646,-1.7484,1.0784,1.5606,3.1348,1.4672,-1.3676,-3.5448,0.0687,-0.8409,-2.7527,1.5849,-0.982,-1.2672,-0.0116,-1.4624,3.1611,-0.2489,1.3176
mask,-2.4135,5.3938,2.9963,-1.8117,1.2424,5.8693,-2.8342,4.4813,0.8934,0.6564,-0.1964,0.0529,-1.0094,1.0144,-3.0748,2.422,-0.3023,4.5428,2.138,-3.9988,-2.5957,2.0492,2.4266,0.1381,2.3459,0.1805,-1.2085,-2.3553,3.8898,-0.0985,-3.7653,0.9879,-1.7496,1.0767,1.6288,3.1269,1.4263,-1.289,-3.5058,0.0989,-0.8811,-2.7374,1.5568,-0.917,-1.2168,-0.0031,-1.4235,3.1688,-0.1989,1.3232
mask,-2.3993,5.4175,3.0058,-1.7987,1.2216,5.8698,-2.849,4.4775,0.9037,0.655,-0.1958,0.047,-0.9813,0.9975,-3.0646,2.4231,-0.2914,4.556,2.1308,-4.0087,-2.5856,2.0782,2.4202,0.1418,2.3407,0.1807,-1.2411,-2.3526,3.901,-0.082,-3.7899,1.0212,-1.7457,1.0683,1.5973,3.1214,1.4355,-1.3206,-3.527,0.1307,-0.8816,-2.7337,1.5416,-0.9229,-1.1932,0.0339,-1.4291,3.2041,-0.2104,1.3358
mask,-2.3877,5.4288,3.0112,-1.7933,1.2143,5.8703,-2.8538,4.4665,0.9094,0.6536,-0.1919,0.0428,-0.9706,0.9912,-3.0624,2.4188,-0.2913,4.5618,2.1233,-4.0127,-2.5853,2.0895,2.4155,0.1466,2.3421,0.1818,-1.2558,-2.3548,3.9095,-0.0762,-3.7966,1.0428,-1.7447,1.0627,1.5829,3.1194,1.4354,-1.3357,-3.5389,0.1444,-0.8803,-2.726,1.5359,-0.923,-1.1816,0.05,-1.4292,3.2204,-0.2177,1.3451
mask,-2.3922,5.4243,3.0094,-1.7943,1.2106,5.872,-2.8481,4.4733,0.9067,0.656,-0.1945,0.039,-0.9782,0.9929,-3.063,2.4227,-0.2915,4.5573,2.1229,-4.0181,-2.5849,2.0821,2.4144,0.1489,2.3388,0.1819,-1.251,-2.3558,3.914,-0.0732,-3.7974,1.0338,-1.7435,1.0649,1.5817,3.1213,1.4372,-1.3333,-3.5352,0.1393,-0.8791,-2.7319,1.5385,-0.9257,-1.1897,0.0456,-1.4313,3.2152,-0.2181,1.3419
mask,-2.4234,5.3455,2.9706,-1.8001,1.2662,5.8317,-2.8298,4.4536,0.8984,0.6616,-0.1878,0.0779,-1.0024,1.0172,-3.0724,2.4026,-0.3064,4.533,2.1479,-3.954,-2.5923,2.0579,2.4229,0.1075,2.3511,0.1961,-1.1839,-2.3192,3.8398,-0.1198,-3.7296,0.9602,-1.753,1.0777,1.658,3.1131,1.3953,-1.2405,-3.4784,0.1025,-0.8912,-2.7016,1.5412,-0.9041,-1.1975,-0.0233,-1.4135,3.1466,-0.1694,1.2993
mask,-4.5788,4.4968,2.2357,-1.1563,-2.6282,4.5302,1.0449,4.2095,0.6887,2.3247,-0.9074,-5.3096,-3.5547,1.6229,-3.3494,3.4785,0.1163,4.2615,-0.0717,-9.1346,-2.2936,-2.5145,0.8715,4.8883,-0.6634,-1.4005,-1.7187,-4.6033,5.6174,1.8177,-6.6931,-1.7857,0.2345,1.2814,0.4064,4.6513,2.1667,-2.173,-6.0728,-2.6272,2.2038,-5.0691,2.7575,-5.4074,-5.206,-4.0119,-4.4917,-0.6777,-2.9473,-0.3039
mask,-4.5751,4.5101,2.2413,-1.1627,-2.6267,4.5494,1.0353,4.2152,0.6962,2.3271,-0.9105,-5.31,-3.5584,1.6292,-3.3517,3.4885,0.1141,4.2784,-0.0617,-9.1366,-2.2878,-2.5101,0.8684,4.8877,-0.6525,-1.3907,-1.7201,-4.6135,5.6295,1.8158,-6.6944,-1.7825,0.2297,1.2791,0.4131,4.6575,2.1718,-2.1676,-6.0664,-2.6343,2.201,-5.077,2.7608,-5.3939,-5.2127,-3.9998,-4.492,-0.6739,-2.9404,-0.2901
wallet,-2.1605,4.7026,2.5407,-2.5989,1.4814,5.157,-2.8621,4.1275,1.0346,1.2484,0.1196,-0.1696,-0.8222,1.2843,-3.0873,1.8749,-1.0936,4.4647,1.9757,-3.4074,-1.6456,2.0105,2.0771,0.0875,1.9721,0.4047,-0.9874,-2.1437,3.6901,-0.2452,-3.1581,1.5089,-1.3926,0.7665,1.7237,3.3206,0.9171,-0.4821,-3.1296,0.3592,-0.9521,-2.6541,1.1551,-0.2942,-1.0993,0.1183,-1.143,2.7241,0.2912,1.0238
wallet,-2.05,4.9628,2.8724,-2.3736,1.6986,5.0974,-3.2665,4.2283,1.2542,1.2318,0.3324,0.3353,-0.5546,0.918,-3.0318,1.9338,-1.0199,4.7905,2.0917,-3.1176,-1.579,2.5975,2.218,-0.3233,2.1799,0.566,-0.9194,-1.9201,3.3632,-0.5206,-3.1141,1.6415,-1.4466,0.8279,1.6185,3.0984,0.769,-0.3855,-3.0672,0.7326,-1.1488,-2.6196,1.0242,0.0238,-0.4565,0.4502,-0.9066,3.2554,0.4431,1.2013
mouse,-2.2262,4.7934,2.5047,-2.4495,1.6172,5.3963,-3.0383,4.4148,1.2503,1.0549,0.4171,0.1981,-0.4495,0.8808,-3.0063,1.8267,-0.8881,4.6901,2.1817,-3.3888,-1.782,2.6216,2.1806,-0.5993,2.3056,0.6918,-0.8494,-1.9489,2.943,-0.4249,-3.3362,1.1227,-1.3989,0.914,2.0043,2.9884,0.971,-0.8174,-3.0148,0.6657,-0.9897,-2.4015,1.2319,-0.2268,-0.5134,0.3935,-1.1133,3.3401,0.4348,1.163
mouse,-2.7241,4.5203,2.7707,-2.3825,1.8594,5.4864,-2.8781,4.6987,1.4908,1.1102,0.0709,0.4428,-0.5111,0.851,-3.1476,2.1542,-1.0834,4.8435,2.5526,-3.3358,-1.6337,2.3468,2.5596,-0.9854,2.0964,0.4114,-0.2169,-1.8805,2.3846,-1.0767,-3.0076,0.0645,-1.4083,1.2308,1.9416,3.0148,0.7968,-0.1994,-2.5395,0.468,-0.8711,-2.3557,1.3321,0.051,-0.6762,0.5175,-1.2352,2.7688,0.6604,0.4826
mouse,-0.2467,5.4136,1.4242,-1.7931,1.5849,3.6577,-3.4882,3.9726,1.1713,1.7676,0.9371,1.0842,-0.222,0.3957,-2.2294,1.3868,-0.1438,3.9697,2.9541,-4.0263,-2.2733,1.626,2.058,0.5359,1.3808,0.0826,-1.3822,-2.9646,3.5721,-0.091,-3.143,0.6688,-1.5493,0.6096,2.0015,2.0033,0.9628,-0.7627,-3.6912,0.0403,-1.568,-2.4861,0.8937,-1.4265,-0.7227,0.0737,-1.4284,3.9784,-0.6424,0.9214
mouse,-0.7666,5.5697,3.2189,-2.0695,0.3879,4.979,-2.3761,3.6052,0.9554,1.4214,0.5172,-0.7319,-1.449,-0.0614,-2.7571,1.9531,0.5045,4.3179,0.433,-4.4566,-2.4772,1.5929,1.8689,2.2829,0.8345,-0.57,-2.4857,-2.6336,5.398,1.0415,-4.6758,3.6393,-1.7327,0.7755,-0.1063,1.8874,1.3831,-2.7626,-5.6203,1.7185,-0.1705,-3.544,0.6418,-2.1576,-0.2343,-1.3495,-1.7935,3.5183,-1.5185,2.6063
earpods,0.4516,3.99,1.1243,-0.6866,0.3121,2.6085,-2.2288,2.7808,0.293,2.5614,1.891,-2.8485,-1.4833,0.4676,0.4026,0.8784,1.5459,2.7764,-1.4222,-5.8256,-0.5796,-1.1567,2.4795,4.4703,-0.3288,-1.9273,-3.6105,-3.9014,6.1844,4.3534,-5.3458,0.748,-1.1447,-0.2337,-1.1421,2.0458,2.6491,-2.3034,-5.2224,-1.654,-1.0699,-3.8624,-0.5454,-2.2387,-4.3517,1.2739,-2.8724,3.1699,-3.595,0.8028
earpods,-0.7524,5.5414,2.1056,-1.6755,0.0864,3.6477,-1.9152,3.5779,1.072,1.9013,1.2751,-1.2348,-1.1008,-0.0969,-1.592,0.9624,0.4237,3.9227,1.038,-5.0123,-2.3005,0.2698,2.1043,2.7953,0.4862,-0.8486,-2.3903,-3.7444,5.6187,1.4229,-4.0691,1.8801,-1.6813,1.0711,0.2637,2.6981,1.3717,-1.9825,-4.5738,0.7052,-0.5108,-3.5001,1.0892,-2.3636,-1.8077,-1.4936,-1.8493,3.4594,-1.6639,2.9686
earpods,-2.0766,5.3837,3.2032,-2.262,1.2265,5.4216,-3.4308,3.9034,0.8736,0.7845,0.0889,-0.4372,-0.4516,0.7749,-2.6461,1.8745,-0.632,4.3958,1.237,-3.2682,-1.8173,2.0118,2.2994,0.1982,1.8121,0.1025,-1.5841,-2.0531,3.89,0.2145,-3.852,1.906,-1.369,0.569,1.3505,2.9095,1.059,-1.0264,-4.1384,0.9297,-1.184,-2.705,1.0082,-0.8402,-0.6128,0.5034,-1.1251,3.1888,-0.7097,1.5332
earpods,-2.2213,4.6615,2.2701,-1.9744,-0.4231,5.0114,-1.7017,3.115,0.2224,0.8601,-0.3226,-2.326,-1.5676,0.8835,-2.3465,1.7333,0.3243,3.1519,-0.0853,-4.6141,-2.068,0.536,1.8789,2.3578,0.7306,-0.6852,-2.4688,-2.7623,4.9605,2.192,-4.4689,2.3478,-1.5769,0.3379,0.4786,3.0354,1.3334,-2.5492,-4.9127,0.7311,-0.3358,-3.3495,0.6845,-2.663,-1.7065,-1.4011,-1.7128,2.3038,-1.5035,1.5828
remote,-3.0756,3.0018,1.1108,-0.9133,1.4894,2.6944,-1.2123,3.0404,1.5757,2.0747,1.2189,-0.9436,-0.6956,1.3337,-1.6687,0.8353,0.4719,2.7953,1.032,-4.4057,-1.4222,0.7203,2.9567,1.613,1.3349,-0.8749,-1.2629,-2.4122,3.2184,1.3198,-3.2077,-0.9616,-0.8554,0.3547,1.7545,2.1934,1.0652,-0.4114,-3.632,-0.1642,-0.6086,-2.3005,0.424,-1.8536,-2.3874,-0.4498,-2.3956,1.7673,-1.237,-1.036
remote,-1.5257,6.1651,3.593,-2.823,-0.8816,5.2594,-2.0478,3.9359,0.1321,1.0653,-0.0756,-2.8786,-2.6569,0.6901,-2.3775,2.1476,0.1513,3.8607,-0.1375,-5.3887,-2.2403,0.0115,1.6269,3.7327,0.4284,-0.9267,-2.894,-3.4223,6.5724,1.9104,-5.6187,3.5534,-1.5773,0.7389,-0.0871,3.352,2.3641,-2.7052,-5.6978,0.2542,0.4747,-5.1006,1.0263,-2.8502,-2.5449,-1.4566,-2.013,2.6832,-2.5026,3.036
remote,1.4251,1.7999,-0.2396,-1.7645,3.3016,3.5453,-4.1934,3.3421,0.5021,2.5095,0.2074,-0.5737,-1.01,0.4969,-0.2898,0.7862,-0.5148,2.4485,1.1078,-4.4434,0.7768,-0.2417,2.0299,0.4317,0.7521,0.8479,-0.1992,-2.5282,3.8842,2.1186,-3.218,-3.44,-0.7013,1.9372,2.6758,1.2698,2.3399,0.4389,-4.0045,-3.4443,-0.7596,-2.8002,1.1768,1.6996,-2.0269,3.4671,-2.205,-1.7162,0.1064,-1.2529
remote,3.3569,4.727,-0.3645,0.4292,-0.0838,1.6858,-3.6064,2.7567,-0.9423,5.1283,0.9883,-3.1371,-3.6352,-1.123,2.0448,0.3072,0.5948,1.9136,-1.1033,-6.2848,-0.5838,-1.8894,0.3767,4.7439,-2.1209,-1.2965,-3.5598,-3.7238,6.6631,3.4026,-7.9142,0.2375,-1.2848,1.6682,-0.2546,0.8521,4.0817,-3.1828,-5.9047,-3.7153,0.3469,-3.6479,1.2601,-2.4023,-2.6782,2.1505,-3.682,1.6428,-3.7687,2.1704
wallet,-2.6034,3.3373,1.3105,-2.6756,2.6802,4.0914,-1.9163,4.1841,1.2236,1.3926,0.3875,0.7667,-0.3871,1.0495,-2.8423,1.4198,-0.7372,4.18,2.7462,-3.2929,-2.3906,1.6686,2.8967,-0.278,1.973,0.0597,-0.1118,-2.4739,2.2509,-0.7772,-1.8265,-1.2954,-1.3313,0.9149,2.9747,2.5148,1.0737,0.1951,-2.5616,-0.097,-0.9103,-2.1198,1.2418,-0.8662,-1.261,-0.7386,-1.2509,1.6955,-0.2799,-0.4308
wallet,-0.8295,4.702,0.9815,-1.7564,0.7702,3.8259,-0.9994,3.9445,1.017,2.1351,0.9486,-0.552,-0.8964,-0.159,-2.4112,1.3937,0.4476,4.0592,1.4484,-5.963,-2.4742,0.4846,2.5123,2.1448,1.0224,-0.793,-1.764,-3.6373,4.176,1.0025,-3.5614,0.1345,-1.685,1.18,0.6256,2.3326,1.8191,-1.6506,-4.329,0.2314,-0.0801,-3.2682,1.4011,-2.6327,-2.4063,-1.4602,-1.8364,2.6937,-1.84,0.7659
wallet,-1.5949,5.5264,3.1414,-2.1288,0.481,5.1231,-2.4956,3.9359,1.1828,1.1438,0.5673,-0.4309,-0.853,0.0188,-2.8401,1.7984,-0.0105,4.5146,1.3129,-4.111,-2.3369,1.6583,2.258,1.6722,1.2611,-0.2943,-2.3784,-2.6479,4.6798,0.849,-3.9082,2.4448,-1.452,0.5913,0.4581,2.5043,1.4462,-1.7506,-4.6566,1.2926,-0.2866,-3.1623,0.8925,-1.7754,-0.6229,-0.8579,-1.1896,3.3083,-1.0576,2.0964
wallet,-1.7806,2.4757,-0.0593,-2.1722,2.8495,2.812,-1.56,3.8297,0.7816,1.9102,0.7633,1.1553,-0.7833,0.9735,-2.055,0.8737,-0.3223,3.5623,2.4455,-3.9524,-2.005,0.757,2.4047,0.5518,1.7483,-0.2877,-0.5403,-2.4787,2.4669,-0.0949,-1.8597,-2.1357,-2.054,1.3032,2.9013,2.2085,1.102,0.1657,-2.9343,-1.2722,-0.6533,-2.0028,1.1045,-1.4359,-1.6893,-1.4914,-1.1851,1.5132,-0.6549,-0.9052
wallet,0.0904,3.6125,-0.354,-2.1291,2.1886,3.1515,-4.0288,4.0832,0.2621,2.9642,0.6607,0.197,-1.6575,-0.0458,-1.2234,1.0696,-0.6093,3.6251,2.176,-4.5009,-1.6697,0.1193,2.2382,0.7613,0.7679,0.5623,-1.7705,-2.9898,3.6111,0.1472,-5.0142,-2.7512,-0.0726,1.5144,2.1567,1.217,1.7787,-0.0166,-4.4382,-3.2548,-0.3203,-2.2378,0.6708,-1.093,-2.0409,1.8088,-1.9372,1.5163,-1.0637,0.1859
wallet,-0.3837,4.5084,1.0608,-3.4105,1.4844,4.1518,-4.4667,4.6387,-0.3811,2.8581,-0.2627,-0.0188,-2.3618,0.7179,-2.7461,1.8824,-1.2042,3.4287,1.7884,-4.3759,-2.4283,0.2624,1.5487,0.7877,-0.0296,0.171,-1.5195,-3.4283,5.042,0.2857,-5.3288,-0.7489,-1.1653,1.2649,2.5775,2.3678,2.0312,-0.1123,-4.3275,-2.9571,-0.4435,-3.7409,1.3805,0.4157,-1.9083,1.0486,-1.9039,2.4667,-0.8933,0.97
wallet,0.0948,3.6334,1.5487,-2.2018,2.7359,5.2167,-3.3068,4.1217,1.2651,1.1506,-1.2257,0.5929,-0.9036,1.7454,-1.241,2.0574,-1.2733,3.7152,0.7303,-2.8438,1.3166,1.0181,2.8748,0.3609,0.9989,1.9645,-0.4144,-2.2776,2.8863,1.5108,-3.2723,-1.2815,-0.723,0.4425,1.7298,1.8552,1.7611,0.3163,-3.518,-1.8064,-1.1669,-3.4298,1.4158,0.8505,-1.571,2.7118,-2.1214,0.9097,-0.6662,-0.3122
wallet,-0.8979,5.0244,2.1322,-1.7765,1.831,3.9873,-3.2028,4.2051,1.2569,1.6223,0.9191,0.7656,-0.4067,0.3569,-3.044,1.4291,0.216,4.2145,2.4586,-4.072,-2.573,1.0355,2.1063,0.5352,0.9625,0.1369,-1.186,-2.8825,3.4656,0.0026,-3.305,0.6478,-1.5614,0.6412,2.3016,1.9416,0.5704,-0.5507,-3.8193,-0.0047,-1.2747,-2.4012,0.8787,-1.2701,-0.8123,-1.0997,-1.4691,2.8227,-0.308,0.6273
wallet,-1.6517,5.3362,2.9481,-2.4541,1.1735,5.6335,-2.9878,4.1174,0.9083,1.029,-0.0314,-0.3438,-1.0404,0.7804,-2.9329,1.9721,-0.3684,4.2622,1.5469,-3.5803,-2.0931,1.7887,2.2034,0.6684,1.6284,0.2507,-1.8567,-2.4162,4.6194,0.5719,-3.8429,2.2058,-1.7118,0.8743,1.0765,3.2456,1.6809,-1.3002,-3.8757,0.6306,-1.0271,-3.2685,1.275,-0.9719,-1.058,0.1035,-1.2097,3.1703,-0.5842,1.9443
wallet,-1.6559,5.7206,3.5128,-2.4586,1.4816,5.6603,-3.5708,4.1836,1.0346,0.9344,0.2012,-0.0791,-0.5543,0.8471,-2.7364,2.0742,-0.7502,4.5318,1.6929,-3.3707,-1.8096,2.2821,2.2742,0.0689,2.0182,0.3923,-1.563,-2.2144,4.0036,-0.0037,-3.7332,2.1511,-1.6182,0.9214,1.337,2.8753,1.294,-0.9785,-3.9586,0.8528,-1.3123,-3.0807,1.1915,-0.4036,-0.5422,0.6068,-0.9769,3.3884,-0.4479,1.9024
wallet,-3.367,1.6583,0.688,-2.1874,2.5339,4.1066,-2.0828,4.0055,1.3785,1.2378,-0.0446,1.1119,-0.6745,1.2685,-2.3712,1.897,-0.7613,3.7263,2.2601,-2.6892,-0.9916,1.4341,2.3666,-1.7474,1.8334,1.1169,0.9768,-2.0217,0.2265,-1.6976,-1.7981,-2.4805,-0.9556,0.7749,3.2325,3.0214,-0.156,1.9824,-1.6828,-1.1514,-0.7515,-1.9983,1.1208,-0.0773,-1.5404,-0.5318,-1.7931,0.7562,1.424,-1.3259
wallet,-0.331,2.8911,-0.3704,0.2737,0.2837,1.3962,-0.0349,2.0167,1.0212,2.7907,1.5098,-2.5474,-2.4103,0.1301,0.1257,0.1302,1.3275,1.8547,-0.8043,-6.7361,-0.5634,-1.3805,2.0277,4.2138,0.0968,-1.771,-3.224,-3.9241,4.7874,3.5823,-4.3693,-0.1356,-2.066,0.7026,-0.4191,2.0393,2.2556,-2.1011,-5.0351,-1.2119,-0.0421,-2.9217,0.4361,-3.2625,-4.35,-1.3869,-3.4055,1.3075,-3.4047,0.3074
wallet,-1.5443,4.5654,2.0607,-4.1177,3.1,5.8745,-4.5111,5.2519,1.0219,1.2976,0.0644,2.0964,-0.0592,0.7864,-2.9882,1.9455,-2.0691,5.2171,2.8126,-3.4459,-1.9097,2.5609,3.0798,-1.4173,2.9077,1.5866,-0.2465,-1.5508,2.1177,-1.3302,-3.1784,-2.0105,-1.5378,1.5849,4.0514,2.5099,1.2746,0.5804,-3.8808,-1.2177,-0.9903,-2.4182,1.79,0.6144,-0.5589,1.4436,-0.887,1.6646,0.5791,-0.6376
wallet,-1.512,4.3387,1.6173,-3.3539,3.46,4.2025,-4.1532,4.7018,1.3848,1.2127,0.1028,2.4893,0.5342,0.3246,-2.874,1.8659,-1.2232,4.8458,3.3265,-2.855,-1.1549,2.8055,3.389,-1.7258,2.6866,1.3392,0.3434,-0.7524,0.9332,-1.1791,-2.3827,-1.8708,-1.3836,1.1231,3.6561,2.2012,0.2269,1.059,-3.3661,-0.6558,-1.191,-1.9266,1.4989,0.5711,-0.5736,0.9877,-0.7784,2.2543,0.8114,-0.9608
box,-2.4012,3.8525,1.1523,-1.885,2.4975,3.7095,-2.2965,4.4728,1.3563,1.7384,0.2676,0.5888,-0.3835,0.4319,-2.7967,1.2474,-0.4009,4.0561,2.3014,-4.1372,-2.2899,1.6246,3.1039,-0.1529,1.8009,-0.0853,-0.3311,-2.0886,2.1355,-0.1694,-2.6699,-1.5875,-1.6487,0.7996,2.2387,1.9581,1.2327,-0.3958,-3.3482,-0.5992,-0.7637,-2.2692,1.0829,-1.604,-1.3124,-0.3295,-1.3045,2.6053,-0.7305,-0.7964
pen,-0.607,5.6881,2.0071,-2.3293,-2.0636,4.5496,-0.2117,2.9439,-0.2006,1.7503,1.0744,-4.4245,-3.2574,1.215,-1.7539,1.5992,0.2769,2.2627,-1.5509,-6.6159,-1.4378,-1.5478,1.389,5.1022,-0.3898,-1.7269,-4.4243,-5.0413,7.8406,3.6179,-6.2007,3.6971,-1.1226,0.5693,-1.441,3.6517,3.3983,-3.6856,-5.7172,0.0627,0.3097,-5.3662,0.8265,-3.8047,-3.6806,-1.8247,-2.3884,2.7231,-3.4811,2.9392
pen,-1.8643,5.2473,2.7695,-2.2659,-1.2938,4.6124,-1.5737,2.9453,0.1214,1.6931,0.4163,-3.0342,-2.2995,0.7242,-2.287,1.9571,0.1992,3.354,-0.5696,-5.4579,-1.9671,-0.2619,1.4122,4.0652,0.2584,-0.805,-3.3167,-3.6279,6.6508,2.6236,-5.0947,2.9243,-1.3624,0.5379,-0.2683,3.5116,2.1325,-2.7104,-5.6468,0.6257,0.6381,-4.2486,1.2821,-3.0182,-2.3637,-1.8079,-2.1389,2.6608,-2.1567,2.3387
pen,-1.6574,5.5851,3.4322,-2.9857,0.9302,5.5562,-3.2036,3.7119,0.6937,1.1221,0.1349,-0.8994,-0.8252,0.8811,-2.7439,1.8373,-0.8863,4.6149,0.9463,-3.1132,-1.9283,1.6783,2.0153,0.6687,1.6531,-0.0037,-1.731,-2.1139,4.6642,0.4146,-3.8777,2.2096,-1.0104,0.3998,1.1229,3.0001,1.1894,-1.1686,-4.1619,0.822,-0.74,-3.1177,1.0911,-0.4107,-0.8242,0.2953,-1.2768,2.9723,-0.7738,1.8986
pen,0.333,4.5635,1.3097,-3.2717,0.6566,3.4738,-4.0693,3.1911,-0.2767,2.9204,-0.0423,-1.0027,-2.8207,0.0324,-2.4134,1.4515,-1.2564,2.7889,0.2962,-4.2239,-2.2018,0.3278,1.0809,1.2385,-0.9732,-0.0114,-2.1162,-2.6822,5.3941,1.054,-5.7788,0.1674,-0.0962,0.9106,0.2585,1.8449,1.572,-1.1828,-4.9615,-1.0497,0.0218,-3.7786,0.3523,-0.4872,-1.76,1.2018,-2.2125,2.494,-1.4766,2.5794
pen,4.1182,5.7215,2.8397,-1.6742,-1.1014,6.5848,-5.5533,3.4397,0.2524,0.0788,-2.7408,-4.3345,-1.8827,2.4829,2.3009,2.074,-0.8021,2.1347,-1.784,-6.0272,3.776,-0.3538,0.4447,3.1041,0.6574,-0.365,-3.7141,-6.107,6.8388,5.5356,-7.8168,1.9186,0.0191,-0.006,-1.1176,1.2955,5.0234,-4.2321,-6.2482,-0.2053,-0.9319,-6.5216,0.9366,1.4912,-2.5352,5.9491,-1.964,-0.1775,-1.8055,2.0867
pen,-1.1788,5.8275,3.229,-2.6892,1.5715,5.1337,-3.7044,3.748,1.2747,1.0797,0.8112,0.323,-0.2039,0.6153,-2.7783,1.6695,-0.8847,4.6689,1.7216,-2.6324,-1.5116,2.9038,2.2448,-0.0078,2.2116,0.4072,-1.2683,-1.6913,3.8971,-0.036,-3.444,2.6536,-1.3978,0.7065,1.4087,2.442,0.8907,-0.6941,-3.6483,1.7119,-1.22,-2.7214,0.6352,0.1397,0.3927,1.0344,-0.8297,3.8836,-0.144,2.3357
pen,-1.74,5.8843,4.1369,-3.1077,-0.9836,6.9522,-2.4048,4.2978,0.5159,1.1138,-0.4815,-3.7143,-2.5231,1.8252,-2.6792,3.1173,-1.1647,3.872,-0.0442,-4.5495,-0.4414,0.4885,0.8489,2.6695,0.0395,-0.1263,-2.2808,-3.4867,5.6797,1.7535,-5.6354,2.5383,-0.5678,0.3561,0.1295,3.6566,2.352,-1.8597,-4.7292,-0.2086,-0.1779,-5.3605,1.3291,-1.5872,-2.8336,-0.1236,-1.8367,2.8787,-2.3788,2.6575
box,-2.824,3.1529,1.5439,-2.8028,2.8911,3.2168,-2.5128,3.739,1.4887,1.3372,0.537,1.2463,-0.4556,0.9884,-2.7593,1.3694,-0.9681,3.6422,2.3654,-2.2997,-1.5007,2.1613,2.8544,-0.8037,1.5239,0.6168,0.6288,-1.5369,1.6238,-1.166,-1.5313,-1.3481,-0.9397,0.554,2.3755,2.5047,0.4037,1.3542,-1.7009,-0.6862,-0.747,-2.0141,0.9357,0.2043,-1.2052,-0.1696,-1.1701,1.7832,0.7913,-0.3486
wallet,-0.6778,5.6207,3.6155,-1.7976,0.7782,5.3027,-2.8976,3.4492,1.144,1.7176,0.7305,-0.3742,-0.9306,0.2288,-2.9584,2.0997,-0.1301,4.3636,0.7159,-3.6977,-2.3039,2.0653,2.0552,1.6939,1.1375,-0.2854,-2.4115,-2.4991,5.1806,0.197,-4.3327,3.6629,-1.421,0.8009,0.1569,2.0692,1.5872,-2.2197,-5.0937,1.8861,-0.3929,-3.1161,0.8733,-1.3729,0.1018,-0.4996,-1.7202,3.4824,-1.1567,2.1626
earpods,-1.2862,5.7138,3.4755,-2.994,1.4198,5.3338,-3.6235,3.5963,0.8231,1.2303,0.7335,-0.0229,-0.6851,0.7104,-2.7685,1.9376,-0.8368,4.5243,1.3909,-2.7077,-1.807,2.2644,2.1584,0.3458,2.0593,0.2953,-1.416,-2.0358,4.354,0.0048,-3.3655,2.5222,-1.427,0.6827,1.2242,2.7492,1.1313,-0.73,-3.8131,1.009,-0.9369,-2.867,0.9125,-0.0393,-0.4553,0.4505,-1.0689,3.522,-0.2975,2.3545
mouse,-1.1242,5.8663,3.2267,-2.7451,1.5789,5.2112,-3.7306,3.7228,1.2333,1.0882,0.8235,0.3218,-0.2895,0.6155,-2.7862,1.6913,-0.8806,4.6865,1.75,-2.6427,-1.6529,2.8633,2.2224,0.1053,2.2156,0.3843,-1.3142,-1.8118,4.0236,-0.0492,-3.4375,2.6973,-1.4192,0.7436,1.4897,2.4649,0.9545,-0.7497,-3.7114,1.5794,-1.2026,-2.708,0.6983,0.0975,0.3239,0.9317,-0.7951,3.8831,-0.1902,2.3758
remote,1.3168,5.0955,0.9806,-2.549,0.8112,2.6845,-4.3398,3.5265,-0.4027,3.9305,-0.3022,-1.1187,-2.6646,0.2501,-1.5434,1.8054,-0.3757,2.6155,0.5688,-6.0021,-2.6312,0.1383,0.8942,2.4753,-0.9952,0.0204,-3.2837,-4.1381,6.2899,1.8217,-6.7636,0.124,-0.6893,1.2301,0.6851,1.5863,2.0398,-2.0902,-5.9152,-2.1828,0.6842,-4.8035,0.8996,-0.6993,-2.1494,1.4986,-2.955,2.4134,-1.7884,2.0939
remote,1.118,6.771,4.7685,0.3599,-1.6746,5.2277,-1.6575,2.8663,0.6521,2.9124,0.5019,-2.7833,-2.3037,-0.4206,-2.5854,3.1543,2.7421,5.0165,-1.5892,-5.8482,-2.4998,-1.7306,0.6165,5.0342,-1.2641,-1.954,-3.8909,-3.498,7.756,2.8546,-7.4703,5.0301,-1.5526,0.8476,-1.8268,2.3761,2.2172,-3.9278,-6.2528,0.6591,1.0641,-3.7178,0.7636,-3.3686,-0.9479,-1.7435,-3.4963,2.3948,-2.1813,2.3734
remote,1.7009,7.234,5.4108,2.0645,-4.1699,4.4162,0.8578,0.7347,0.0759,4.5677,0.8994,-5.8449,-4.8398,-1.0533,-1.85,3.6206,4.4554,3.371,-4.0737,-7.9006,-3.2541,-5.6758,-0.5427,9.0635,-3.4375,-3.1122,-5.1151,-4.8128,10.5079,5.331,-9.8734,5.537,-2.1072,1.2956,-4.0696,2.4942,2.9918,-5.8459,-8.023,-0.8081,2.9715,-5.0436,1.1728,-6.2798,-2.5766,-5.2477,-5.3417,0.3126,-4.035,3.994
mask,-1.6583,5.2879,3.4201,-1.5403,0.477,5.0176,-2.5305,3.7977,1.3284,0.9215,0.2198,-0.1297,-0.7039,0.0289,-3.0519,2.0395,0.2961,4.5772,1.3126,-4.5852,-2.8937,1.914,2.336,1.621,0.9187,-0.4406,-2.0711,-2.8234,4.5558,0.6186,-4.1142,2.5393,-1.4519,0.6186,0.8697,2.2557,1.4535,-2.228,-5.4595,1.3176,-0.3892,-3.0946,0.9481,-2.0515,-0.4666,-1.2219,-1.9502,3.3017,-1.0324,1.4629
remote,-1.0539,-5.2570,-2.3545,-0.4322,1.8790,0.2963,-0.7193,-0.2982,-1.3512,-0.6665,-0.0804,0.2087,-1.0397,2.4265,0.6811,-0.9057,1.1765,-2.3548,2.8010,-0.3402,0.0255,0.4225,1.2862,-3.8092,1.9373,2.4812,2.6203,-0.5479,-3.0591,-2.1228,0.5266,-5.6633,0.5539,0.8523,6.2470,0.8122,-1.4675,3.2168,-0.1167,-2.3246,-0.2305,0.5957,1.1557,1.1495,0.4209,-1.5045,0.3153,-6.7752,1.7288,-4.2192
box,2.5760,-3.5404,-3.6921,-1.7079,-0.8005,-3.3741,1.6819,-3.0196,-1.5416,-0.8277,-0.4541,-0.3018,-2.8537,-1.0227,-0.7320,-2.4840,-0.2541,-3.3443,-1.7397,4.7060,0.2080,-1.2714,0.3060,-0.8719,-3.2138,0.8872,3.3380,1.9267,-1.3170,-0.4695,2.6132,-4.2118,2.5257,-1.4387,-1.8060,-0.6303,-0.7332,2.8504,4.4120,-3.1438,1.4578,2.6424,-1.7857,-0.6242,-1.5997,-1.9725,2.9284,-3.1325,1.0322,0.0445
mouse,2.7733,-6.0785,-3.7867,-0.6122,-0.2755,-4.1407,3.0922,-4.3457,-2.5587,1.1200,0.7286,-0.4752,-3.9013,0.2855,2.8933,-1.1728,-1.2032,-6.2021,-3.4787,5.1497,2.0026,-1.2079,-3.7450,1.6786,-4.3529,1.5998,3.6526,3.0005,-0.8359,1.3138,2.6009,-1.1561,3.0649,-0.8610,-2.6257,-2.9596,-0.0217,1.1715,4.0939,-5.4490,1.0233,0.8239,-1.9338,0.7681,-1.4812,-0.4692,0.1249,-4.5806,-1.0751,1.2128
mouse,2.6187,-6.5667,-4.0368,-0.4171,-0.4987,-4.7148,3.7853,-4.6391,-2.7718,1.1240,1.1043,-0.6529,-3.7936,0.1462,3.1769,-1.2567,-1.0820,-6.7269,-3.6282,5.7072,1.7488,-1.5456,-3.7642,1.4870,-4.6345,1.5885,3.7573,3.5167,-1.3617,1.0002,3.0521,-0.8032,3.1357,-0.8138,-2.7877,-3.1276,-0.2075,1.5771,4.9192,-5.6127,1.3471,1.2464,-2.0417,0.2662,-1.5439,-1.0342,0.2829,-4.7869,-0.8621,1.1401
mouse,2.6542,-5.8571,-3.2645,-0.8394,-0.5873,-4.3948,3.1523,-4.3040,-2.8010,1.3610,0.5469,-0.5867,-3.9987,-0.2140,2.8287,-1.5799,-0.8828,-6.5522,-3.9311,5.2040,1.7750,-1.5465,-3.8665,1.5718,-4.6089,1.5722,4.2761,3.0768,-0.6929,0.6395,2.6495,-1.5157,3.2194,-0.8760,-2.8659,-2.9424,0.0145,1.7019,5.0684,-6.2202,1.3483,1.2992,-1.6070,0.8524,-2.0169,-0.8031,0.5777,-4.7774,-0.7357,1.0143
mouse,1.2703,-5.6708,-1.5026,-1.6467,-0.5942,-2.8933,2.3757,-2.2841,-2.3084,0.1598,-0.8496,-0.6312,-3.1151,0.0884,0.1345,-1.1675,-1.3258,-4.6570,-3.2455,2.4267,-0.0131,-0.2961,-1.5458,-0.8188,-3.6044,2.5213,4.0496,1.8072,-0.1518,-0.0071,2.6531,-2.9421,2.0777,0.1628,-1.3001,-1.3166,0.0431,2.7647,3.8708,-3.7651,2.1087,0.3589,-1.2367,1.7503,-2.1340,-1.3503,0.2837,-5.6219,-0.3653,-0.2914
mouse,1.0248,-5.6452,-1.6219,-1.5876,-0.0950,-2.7227,2.0668,-2.1614,-2.2915,0.1099,-0.6385,-0.3583,-3.0187,0.0492,0.0351,-1.3316,-1.3744,-4.4609,-2.9495,2.5315,-0.2073,0.1407,-1.3813,-1.2748,-3.0515,2.4721,4.1528,1.8102,-0.3182,-0.2646,2.8625,-2.7778,1.9940,0.2308,-0.7910,-1.4285,0.1712,2.8394,3.7878,-3.4912,1.9406,0.5442,-1.3187,1.9193,-1.6623,-0.9862,0.2072,-5.3784,0.0313,-0.2855
remote,2.0370,0.3380,0.0784,-0.7078,1.7075,0.5090,-3.7876,1.7379,1.6170,-0.8491,-0.8384,-0.1526,0.3709,1.2123,-0.7222,0.5607,-0.7894,1.1998,2.7597,-6.7022,-1.3443,3.3647,0.8378,-0.9871,2.1101,3.2594,-0.7370,-2.2943,0.2463,0.9018,-4.8356,-2.6414,0.4539,0.9478,3.8870,1.0416,0.0222,-1.8702,-5.9949,-0.6247,-0.8109,-1.6674,0.5570,-0.0954,1.6119,2.6867,-2.4351,-1.3063,-1.3236,-0.4236
box,0.5147,-6.0189,-2.7667,-3.7799,-0.6073,-2.5227,2.9388,-1.3043,-3.7878,-1.8647,-1.2481,-0.4006,-5.2331,-0.2771,0.3859,-1.4948,-1.7566,-4.8562,-2.6603,4.7159,2.1577,-2.7765,0.9665,-2.4820,-4.4283,1.7941,6.1884,0.7778,-2.9017,-0.9852,4.8877,-5.2876,2.6625,-0.2878,-0.4119,-0.8290,-1.2475,3.8698,6.7379,-6.4052,1.8038,0.0273,-0.7341,0.6650,-3.5654,-4.7712,0.8360,-7.2641,0.7188,-1.0647
remote,2.4224,-2.0259,-3.1718,0.6780,4.6811,-1.5223,-0.8232,-0.5315,0.2788,0.0719,0.5296,1.4569,0.7000,0.3023,0.9511,-1.7004,2.1852,-1.5465,2.2696,0.7357,0.2571,1.3805,0.6502,-2.6881,-1.0507,1.9469,3.3725,0.2844,-1.2440,-1.7001,0.9329,-5.3117,2.5306,1.5475,4.4158,-0.9006,-1.0629,2.2116,-0.4065,-1.0325,-1.2331,2.3169,0.2542,1.9082,0.8756,2.4083,0.2957,-3.6562,0.3911,-1.1595
box,0.4322,-6.8968,-2.4824,-2.4512,-2.3733,-3.6452,5.0559,-2.7375,-4.2217,-1.9351,0.9952,-0.9646,-6.1687,-0.0215,1.1783,-2.0584,-0.5963,-6.0766,-2.5586,7.9455,2.1774,-4.7428,0.0285,-2.1725,-4.5456,0.3075,6.2055,0.9970,-3.7210,-1.7563,5.3606,-4.0751,2.8682,-0.5575,-1.9629,-1.0441,-0.4667,5.0600,8.6513,-5.0867,2.6944,0.6243,-0.7527,-0.8635,-3.9682,-5.9738,1.1101,-7.4602,0.9430,-1.7247
controller,-1.7666,-5.3214,-3.3752,0.4178,0.8163,-3.4958,-0.5520,-1.6067,-1.0738,-1.1663,0.5204,0.5555,-2.2541,2.5030,1.5941,-2.2721,-0.6670,-4.1147,2.0306,3.8882,0.7079,-0.9516,0.5545,-3.4400,0.4974,2.1922,4.1972,0.5980,-4.7974,-1.6742,2.6777,-5.3166,2.0883,0.0768,3.6282,-0.6452,-2.1713,4.4961,3.4095,-1.4778,0.1571,1.3145,-0.2247,0.8113,0.2248,-1.5513,0.7245,-4.4281,2.5886,-4.1372
box,-0.7216,-7.8370,-2.9209,-1.3894,-2.0363,-4.8563,7.8049,-2.7004,-3.9806,-0.6108,0.2927,-3.6284,-6.9160,0.1653,2.8379,-0.8061,-1.4156,-6.6060,-4.3410,9.0599,1.2924,-6.8603,-0.4519,-2.0946,-5.2406,-0.0500,6.8580,2.2451,-4.3713,-0.7730,4.5648,-7.8751,3.1605,-0.1272,-0.7488,-0.3776,-1.4857,7.7440,8.8444,-6.4341,3.2297,1.4802,-0.7600,0.3467,-4.3161,-6.3500,1.2253,-10.0647,1.8850,-4.8596
pen,1.7818,14.6439,10.6279,-3.9759,-8.4368,15.9525,-5.2274,11.1477,0.5302,-0.6705,-5.2568,-12.3947,-5.4936,3.4649,-1.4213,8.8844,-1.5616,6.8364,-3.4810,-18.7928,0.6349,-6.7051,0.9344,10.2211,-2.8385,0.4866,-8.3569,-14.5467,14.5561,9.1110,-19.3777,2.6316,-1.5791,2.0456,-4.5425,7.3552,10.1842,-11.8162,-14.0620,-6.6823,1.3583,-14.5120,4.4396,-2.9087,-12.3981,4.3410,-8.2935,0.4935,-9.0667,6.1105
earpods,-3.1749,-3.8129,5.8065,3.7405,-16.0601,6.8693,6.6672,-6.8776,-3.7562,-4.3645,-6.2086,-19.1276,-14.8713,6.9589,8.7025,7.2056,4.0371,-11.5413,-13.5367,-3.2186,15.0052,-12.8934,-5.9132,18.3953,-8.6483,2.0099,-4.5923,-8.3874,3.0894,15.8781,-12.1654,-0.1083,2.4546,-2.0516,-11.9295,3.5576,3.4569,-6.1193,-5.6941,-6.6798,0.9073,-7.1741,-3.2525,-0.9433,-12.1327,-0.2346,-4.3451,-10.7041,-6.5215,5.0937
earpods,-1.5739,0.1938,5.7643,2.7422,-9.9141,4.0925,5.7825,-5.7466,-1.2189,-5.8530,-3.8450,-11.2103,-10.5003,3.7914,5.9351,5.1132,2.3382,-7.1108,-8.8797,0.8023,10.8650,-6.4740,-4.5213,11.9398,-7.4077,1.5554,-3.3406,-4.9897,0.8026,11.9650,-6.2871,2.9796,2.3184,-1.6120,-9.7536,2.3172,3.2905,-3.7986,-2.2150,-3.4171,0.2971,-3.7313,-1.6416,0.3068,-7.2653,0.8368,-1.5082,-6.2694,-4.2148,6.1076
bottle,15.3132,-2.9251,2.6269,-0.9222,-13.3970,-4.7581,-3.1818,-4.3528,-4.5796,8.4240,-9.6142,-18.8924,-11.9871,-2.3373,9.1473,3.0251,-3.7752,-9.1255,-13.8239,-14.5163,5.6223,-13.4588,-6.3794,13.1268,-16.2559,-1.9526,-5.8538,-10.4863,15.8713,13.5040,-20.3126,-8.3041,4.7528,1.4866,-10.1217,1.6964,7.0315,-9.2419,-8.6540,-13.0692,5.1835,-10.4076,-0.2527,4.3943,-13.0674,6.2834,-6.7970,-16.0754,-7.8164,6.6104
bottle,-0.0497,-1.9839,3.0065,6.3817,-13.0706,7.4387,-2.0999,-2.0704,-2.7447,-2.1989,-10.0847,-13.9358,-11.4351,6.1727,3.2149,6.5185,1.4507,-7.3681,-5.1478,-11.5948,8.7568,-9.9262,-7.4860,9.1356,-3.0373,2.0493,-3.6039,-9.0634,6.7324,14.0063,-18.2590,-5.5762,5.7518,0.7568,-0.8118,5.5435,1.8273,-6.5353,-11.1208,-2.2831,0.2696,-9.2319,5.0101,2.2502,-9.1011,1.8230,-3.7318,-11.5328,-4.6727,0.3007
wallet,-1.5800,-4.5014,-0.5624,-2.0059,0.6228,-0.6640,1.2824,0.8466,-2.4082,-1.1742,0.2296,0.4098,-3.7233,1.5594,1.2728,0.2679,-0.5559,-2.6209,-0.7961,5.6077,1.3725,-2.1648,0.0795,-3.3830,-1.0667,0.3935,5.3324,0.0964,-4.0750,-1.9418,4.3669,-4.9418,0.7697,0.5920,2.7398,-0.3244,-1.0392,5.4097,6.2454,-4.4680,0.3450,0.3442,0.5805,2.6825,-1.7474,-3.9261,1.3455,-6.7617,3.5545,-3.8440
